,name,dim
0,language_model/in_out_embed/embeddings,"[131072, 6144]"
1,language_model/rms_norm/scale,[6144]
2,transformer/decoder_layer_0/moe/linear/w,"[8, 6144, 32768]"
3,transformer/decoder_layer_0/moe/linear_1/w,"[8, 32768, 6144]"
4,transformer/decoder_layer_0/moe/linear_v/w,"[8, 6144, 32768]"
5,transformer/decoder_layer_0/multi_head_attention/key/w,"[6144, 1024]"
6,transformer/decoder_layer_0/multi_head_attention/linear/w,"[6144, 6144]"
7,transformer/decoder_layer_0/multi_head_attention/query/w,"[6144, 6144]"
8,transformer/decoder_layer_0/multi_head_attention/value/w,"[6144, 1024]"
9,transformer/decoder_layer_0/rms_norm/scale,[6144]
10,transformer/decoder_layer_0/rms_norm_1/scale,[6144]
11,transformer/decoder_layer_0/rms_norm_2/scale,[6144]
12,transformer/decoder_layer_0/rms_norm_3/scale,[6144]
13,transformer/decoder_layer_0/router/w,"[6144, 8]"
14,transformer/decoder_layer_1/moe/linear/w,"[8, 6144, 32768]"
15,transformer/decoder_layer_1/moe/linear_1/w,"[8, 32768, 6144]"
16,transformer/decoder_layer_1/moe/linear_v/w,"[8, 6144, 32768]"
17,transformer/decoder_layer_1/multi_head_attention/key/w,"[6144, 1024]"
18,transformer/decoder_layer_1/multi_head_attention/linear/w,"[6144, 6144]"
19,transformer/decoder_layer_1/multi_head_attention/query/w,"[6144, 6144]"
20,transformer/decoder_layer_1/multi_head_attention/value/w,"[6144, 1024]"
21,transformer/decoder_layer_1/rms_norm/scale,[6144]
22,transformer/decoder_layer_1/rms_norm_1/scale,[6144]
23,transformer/decoder_layer_1/rms_norm_2/scale,[6144]
24,transformer/decoder_layer_1/rms_norm_3/scale,[6144]
25,transformer/decoder_layer_1/router/w,"[6144, 8]"
26,transformer/decoder_layer_10/moe/linear/w,"[8, 6144, 32768]"
27,transformer/decoder_layer_10/moe/linear_1/w,"[8, 32768, 6144]"
28,transformer/decoder_layer_10/moe/linear_v/w,"[8, 6144, 32768]"
29,transformer/decoder_layer_10/multi_head_attention/key/w,"[6144, 1024]"
30,transformer/decoder_layer_10/multi_head_attention/linear/w,"[6144, 6144]"
31,transformer/decoder_layer_10/multi_head_attention/query/w,"[6144, 6144]"
32,transformer/decoder_layer_10/multi_head_attention/value/w,"[6144, 1024]"
33,transformer/decoder_layer_10/rms_norm/scale,[6144]
34,transformer/decoder_layer_10/rms_norm_1/scale,[6144]
35,transformer/decoder_layer_10/rms_norm_2/scale,[6144]
36,transformer/decoder_layer_10/rms_norm_3/scale,[6144]
37,transformer/decoder_layer_10/router/w,"[6144, 8]"
38,transformer/decoder_layer_11/moe/linear/w,"[8, 6144, 32768]"
39,transformer/decoder_layer_11/moe/linear_1/w,"[8, 32768, 6144]"
40,transformer/decoder_layer_11/moe/linear_v/w,"[8, 6144, 32768]"
41,transformer/decoder_layer_11/multi_head_attention/key/w,"[6144, 1024]"
42,transformer/decoder_layer_11/multi_head_attention/linear/w,"[6144, 6144]"
43,transformer/decoder_layer_11/multi_head_attention/query/w,"[6144, 6144]"
44,transformer/decoder_layer_11/multi_head_attention/value/w,"[6144, 1024]"
45,transformer/decoder_layer_11/rms_norm/scale,[6144]
46,transformer/decoder_layer_11/rms_norm_1/scale,[6144]
47,transformer/decoder_layer_11/rms_norm_2/scale,[6144]
48,transformer/decoder_layer_11/rms_norm_3/scale,[6144]
49,transformer/decoder_layer_11/router/w,"[6144, 8]"
50,transformer/decoder_layer_12/moe/linear/w,"[8, 6144, 32768]"
51,transformer/decoder_layer_12/moe/linear_1/w,"[8, 32768, 6144]"
52,transformer/decoder_layer_12/moe/linear_v/w,"[8, 6144, 32768]"
53,transformer/decoder_layer_12/multi_head_attention/key/w,"[6144, 1024]"
54,transformer/decoder_layer_12/multi_head_attention/linear/w,"[6144, 6144]"
55,transformer/decoder_layer_12/multi_head_attention/query/w,"[6144, 6144]"
56,transformer/decoder_layer_12/multi_head_attention/value/w,"[6144, 1024]"
57,transformer/decoder_layer_12/rms_norm/scale,[6144]
58,transformer/decoder_layer_12/rms_norm_1/scale,[6144]
59,transformer/decoder_layer_12/rms_norm_2/scale,[6144]
60,transformer/decoder_layer_12/rms_norm_3/scale,[6144]
61,transformer/decoder_layer_12/router/w,"[6144, 8]"
62,transformer/decoder_layer_13/moe/linear/w,"[8, 6144, 32768]"
63,transformer/decoder_layer_13/moe/linear_1/w,"[8, 32768, 6144]"
64,transformer/decoder_layer_13/moe/linear_v/w,"[8, 6144, 32768]"
65,transformer/decoder_layer_13/multi_head_attention/key/w,"[6144, 1024]"
66,transformer/decoder_layer_13/multi_head_attention/linear/w,"[6144, 6144]"
67,transformer/decoder_layer_13/multi_head_attention/query/w,"[6144, 6144]"
68,transformer/decoder_layer_13/multi_head_attention/value/w,"[6144, 1024]"
69,transformer/decoder_layer_13/rms_norm/scale,[6144]
70,transformer/decoder_layer_13/rms_norm_1/scale,[6144]
71,transformer/decoder_layer_13/rms_norm_2/scale,[6144]
72,transformer/decoder_layer_13/rms_norm_3/scale,[6144]
73,transformer/decoder_layer_13/router/w,"[6144, 8]"
74,transformer/decoder_layer_14/moe/linear/w,"[8, 6144, 32768]"
75,transformer/decoder_layer_14/moe/linear_1/w,"[8, 32768, 6144]"
76,transformer/decoder_layer_14/moe/linear_v/w,"[8, 6144, 32768]"
77,transformer/decoder_layer_14/multi_head_attention/key/w,"[6144, 1024]"
78,transformer/decoder_layer_14/multi_head_attention/linear/w,"[6144, 6144]"
79,transformer/decoder_layer_14/multi_head_attention/query/w,"[6144, 6144]"
80,transformer/decoder_layer_14/multi_head_attention/value/w,"[6144, 1024]"
81,transformer/decoder_layer_14/rms_norm/scale,[6144]
82,transformer/decoder_layer_14/rms_norm_1/scale,[6144]
83,transformer/decoder_layer_14/rms_norm_2/scale,[6144]
84,transformer/decoder_layer_14/rms_norm_3/scale,[6144]
85,transformer/decoder_layer_14/router/w,"[6144, 8]"
86,transformer/decoder_layer_15/moe/linear/w,"[8, 6144, 32768]"
87,transformer/decoder_layer_15/moe/linear_1/w,"[8, 32768, 6144]"
88,transformer/decoder_layer_15/moe/linear_v/w,"[8, 6144, 32768]"
89,transformer/decoder_layer_15/multi_head_attention/key/w,"[6144, 1024]"
90,transformer/decoder_layer_15/multi_head_attention/linear/w,"[6144, 6144]"
91,transformer/decoder_layer_15/multi_head_attention/query/w,"[6144, 6144]"
92,transformer/decoder_layer_15/multi_head_attention/value/w,"[6144, 1024]"
93,transformer/decoder_layer_15/rms_norm/scale,[6144]
94,transformer/decoder_layer_15/rms_norm_1/scale,[6144]
95,transformer/decoder_layer_15/rms_norm_2/scale,[6144]
96,transformer/decoder_layer_15/rms_norm_3/scale,[6144]
97,transformer/decoder_layer_15/router/w,"[6144, 8]"
98,transformer/decoder_layer_16/moe/linear/w,"[8, 6144, 32768]"
99,transformer/decoder_layer_16/moe/linear_1/w,"[8, 32768, 6144]"
100,transformer/decoder_layer_16/moe/linear_v/w,"[8, 6144, 32768]"
101,transformer/decoder_layer_16/multi_head_attention/key/w,"[6144, 1024]"
102,transformer/decoder_layer_16/multi_head_attention/linear/w,"[6144, 6144]"
103,transformer/decoder_layer_16/multi_head_attention/query/w,"[6144, 6144]"
104,transformer/decoder_layer_16/multi_head_attention/value/w,"[6144, 1024]"
105,transformer/decoder_layer_16/rms_norm/scale,[6144]
106,transformer/decoder_layer_16/rms_norm_1/scale,[6144]
107,transformer/decoder_layer_16/rms_norm_2/scale,[6144]
108,transformer/decoder_layer_16/rms_norm_3/scale,[6144]
109,transformer/decoder_layer_16/router/w,"[6144, 8]"
110,transformer/decoder_layer_17/moe/linear/w,"[8, 6144, 32768]"
111,transformer/decoder_layer_17/moe/linear_1/w,"[8, 32768, 6144]"
112,transformer/decoder_layer_17/moe/linear_v/w,"[8, 6144, 32768]"
113,transformer/decoder_layer_17/multi_head_attention/key/w,"[6144, 1024]"
114,transformer/decoder_layer_17/multi_head_attention/linear/w,"[6144, 6144]"
115,transformer/decoder_layer_17/multi_head_attention/query/w,"[6144, 6144]"
116,transformer/decoder_layer_17/multi_head_attention/value/w,"[6144, 1024]"
117,transformer/decoder_layer_17/rms_norm/scale,[6144]
118,transformer/decoder_layer_17/rms_norm_1/scale,[6144]
119,transformer/decoder_layer_17/rms_norm_2/scale,[6144]
120,transformer/decoder_layer_17/rms_norm_3/scale,[6144]
121,transformer/decoder_layer_17/router/w,"[6144, 8]"
122,transformer/decoder_layer_18/moe/linear/w,"[8, 6144, 32768]"
123,transformer/decoder_layer_18/moe/linear_1/w,"[8, 32768, 6144]"
124,transformer/decoder_layer_18/moe/linear_v/w,"[8, 6144, 32768]"
125,transformer/decoder_layer_18/multi_head_attention/key/w,"[6144, 1024]"
126,transformer/decoder_layer_18/multi_head_attention/linear/w,"[6144, 6144]"
127,transformer/decoder_layer_18/multi_head_attention/query/w,"[6144, 6144]"
128,transformer/decoder_layer_18/multi_head_attention/value/w,"[6144, 1024]"
129,transformer/decoder_layer_18/rms_norm/scale,[6144]
130,transformer/decoder_layer_18/rms_norm_1/scale,[6144]
131,transformer/decoder_layer_18/rms_norm_2/scale,[6144]
132,transformer/decoder_layer_18/rms_norm_3/scale,[6144]
133,transformer/decoder_layer_18/router/w,"[6144, 8]"
134,transformer/decoder_layer_19/moe/linear/w,"[8, 6144, 32768]"
135,transformer/decoder_layer_19/moe/linear_1/w,"[8, 32768, 6144]"
136,transformer/decoder_layer_19/moe/linear_v/w,"[8, 6144, 32768]"
137,transformer/decoder_layer_19/multi_head_attention/key/w,"[6144, 1024]"
138,transformer/decoder_layer_19/multi_head_attention/linear/w,"[6144, 6144]"
139,transformer/decoder_layer_19/multi_head_attention/query/w,"[6144, 6144]"
140,transformer/decoder_layer_19/multi_head_attention/value/w,"[6144, 1024]"
141,transformer/decoder_layer_19/rms_norm/scale,[6144]
142,transformer/decoder_layer_19/rms_norm_1/scale,[6144]
143,transformer/decoder_layer_19/rms_norm_2/scale,[6144]
144,transformer/decoder_layer_19/rms_norm_3/scale,[6144]
145,transformer/decoder_layer_19/router/w,"[6144, 8]"
146,transformer/decoder_layer_2/moe/linear/w,"[8, 6144, 32768]"
147,transformer/decoder_layer_2/moe/linear_1/w,"[8, 32768, 6144]"
148,transformer/decoder_layer_2/moe/linear_v/w,"[8, 6144, 32768]"
149,transformer/decoder_layer_2/multi_head_attention/key/w,"[6144, 1024]"
150,transformer/decoder_layer_2/multi_head_attention/linear/w,"[6144, 6144]"
151,transformer/decoder_layer_2/multi_head_attention/query/w,"[6144, 6144]"
152,transformer/decoder_layer_2/multi_head_attention/value/w,"[6144, 1024]"
153,transformer/decoder_layer_2/rms_norm/scale,[6144]
154,transformer/decoder_layer_2/rms_norm_1/scale,[6144]
155,transformer/decoder_layer_2/rms_norm_2/scale,[6144]
156,transformer/decoder_layer_2/rms_norm_3/scale,[6144]
157,transformer/decoder_layer_2/router/w,"[6144, 8]"
158,transformer/decoder_layer_20/moe/linear/w,"[8, 6144, 32768]"
159,transformer/decoder_layer_20/moe/linear_1/w,"[8, 32768, 6144]"
160,transformer/decoder_layer_20/moe/linear_v/w,"[8, 6144, 32768]"
161,transformer/decoder_layer_20/multi_head_attention/key/w,"[6144, 1024]"
162,transformer/decoder_layer_20/multi_head_attention/linear/w,"[6144, 6144]"
163,transformer/decoder_layer_20/multi_head_attention/query/w,"[6144, 6144]"
164,transformer/decoder_layer_20/multi_head_attention/value/w,"[6144, 1024]"
165,transformer/decoder_layer_20/rms_norm/scale,[6144]
166,transformer/decoder_layer_20/rms_norm_1/scale,[6144]
167,transformer/decoder_layer_20/rms_norm_2/scale,[6144]
168,transformer/decoder_layer_20/rms_norm_3/scale,[6144]
169,transformer/decoder_layer_20/router/w,"[6144, 8]"
170,transformer/decoder_layer_21/moe/linear/w,"[8, 6144, 32768]"
171,transformer/decoder_layer_21/moe/linear_1/w,"[8, 32768, 6144]"
172,transformer/decoder_layer_21/moe/linear_v/w,"[8, 6144, 32768]"
173,transformer/decoder_layer_21/multi_head_attention/key/w,"[6144, 1024]"
174,transformer/decoder_layer_21/multi_head_attention/linear/w,"[6144, 6144]"
175,transformer/decoder_layer_21/multi_head_attention/query/w,"[6144, 6144]"
176,transformer/decoder_layer_21/multi_head_attention/value/w,"[6144, 1024]"
177,transformer/decoder_layer_21/rms_norm/scale,[6144]
178,transformer/decoder_layer_21/rms_norm_1/scale,[6144]
179,transformer/decoder_layer_21/rms_norm_2/scale,[6144]
180,transformer/decoder_layer_21/rms_norm_3/scale,[6144]
181,transformer/decoder_layer_21/router/w,"[6144, 8]"
182,transformer/decoder_layer_22/moe/linear/w,"[8, 6144, 32768]"
183,transformer/decoder_layer_22/moe/linear_1/w,"[8, 32768, 6144]"
184,transformer/decoder_layer_22/moe/linear_v/w,"[8, 6144, 32768]"
185,transformer/decoder_layer_22/multi_head_attention/key/w,"[6144, 1024]"
186,transformer/decoder_layer_22/multi_head_attention/linear/w,"[6144, 6144]"
187,transformer/decoder_layer_22/multi_head_attention/query/w,"[6144, 6144]"
188,transformer/decoder_layer_22/multi_head_attention/value/w,"[6144, 1024]"
189,transformer/decoder_layer_22/rms_norm/scale,[6144]
190,transformer/decoder_layer_22/rms_norm_1/scale,[6144]
191,transformer/decoder_layer_22/rms_norm_2/scale,[6144]
192,transformer/decoder_layer_22/rms_norm_3/scale,[6144]
193,transformer/decoder_layer_22/router/w,"[6144, 8]"
194,transformer/decoder_layer_23/moe/linear/w,"[8, 6144, 32768]"
195,transformer/decoder_layer_23/moe/linear_1/w,"[8, 32768, 6144]"
196,transformer/decoder_layer_23/moe/linear_v/w,"[8, 6144, 32768]"
197,transformer/decoder_layer_23/multi_head_attention/key/w,"[6144, 1024]"
198,transformer/decoder_layer_23/multi_head_attention/linear/w,"[6144, 6144]"
199,transformer/decoder_layer_23/multi_head_attention/query/w,"[6144, 6144]"
200,transformer/decoder_layer_23/multi_head_attention/value/w,"[6144, 1024]"
201,transformer/decoder_layer_23/rms_norm/scale,[6144]
202,transformer/decoder_layer_23/rms_norm_1/scale,[6144]
203,transformer/decoder_layer_23/rms_norm_2/scale,[6144]
204,transformer/decoder_layer_23/rms_norm_3/scale,[6144]
205,transformer/decoder_layer_23/router/w,"[6144, 8]"
206,transformer/decoder_layer_24/moe/linear/w,"[8, 6144, 32768]"
207,transformer/decoder_layer_24/moe/linear_1/w,"[8, 32768, 6144]"
208,transformer/decoder_layer_24/moe/linear_v/w,"[8, 6144, 32768]"
209,transformer/decoder_layer_24/multi_head_attention/key/w,"[6144, 1024]"
210,transformer/decoder_layer_24/multi_head_attention/linear/w,"[6144, 6144]"
211,transformer/decoder_layer_24/multi_head_attention/query/w,"[6144, 6144]"
212,transformer/decoder_layer_24/multi_head_attention/value/w,"[6144, 1024]"
213,transformer/decoder_layer_24/rms_norm/scale,[6144]
214,transformer/decoder_layer_24/rms_norm_1/scale,[6144]
215,transformer/decoder_layer_24/rms_norm_2/scale,[6144]
216,transformer/decoder_layer_24/rms_norm_3/scale,[6144]
217,transformer/decoder_layer_24/router/w,"[6144, 8]"
218,transformer/decoder_layer_25/moe/linear/w,"[8, 6144, 32768]"
219,transformer/decoder_layer_25/moe/linear_1/w,"[8, 32768, 6144]"
220,transformer/decoder_layer_25/moe/linear_v/w,"[8, 6144, 32768]"
221,transformer/decoder_layer_25/multi_head_attention/key/w,"[6144, 1024]"
222,transformer/decoder_layer_25/multi_head_attention/linear/w,"[6144, 6144]"
223,transformer/decoder_layer_25/multi_head_attention/query/w,"[6144, 6144]"
224,transformer/decoder_layer_25/multi_head_attention/value/w,"[6144, 1024]"
225,transformer/decoder_layer_25/rms_norm/scale,[6144]
226,transformer/decoder_layer_25/rms_norm_1/scale,[6144]
227,transformer/decoder_layer_25/rms_norm_2/scale,[6144]
228,transformer/decoder_layer_25/rms_norm_3/scale,[6144]
229,transformer/decoder_layer_25/router/w,"[6144, 8]"
230,transformer/decoder_layer_26/moe/linear/w,"[8, 6144, 32768]"
231,transformer/decoder_layer_26/moe/linear_1/w,"[8, 32768, 6144]"
232,transformer/decoder_layer_26/moe/linear_v/w,"[8, 6144, 32768]"
233,transformer/decoder_layer_26/multi_head_attention/key/w,"[6144, 1024]"
234,transformer/decoder_layer_26/multi_head_attention/linear/w,"[6144, 6144]"
235,transformer/decoder_layer_26/multi_head_attention/query/w,"[6144, 6144]"
236,transformer/decoder_layer_26/multi_head_attention/value/w,"[6144, 1024]"
237,transformer/decoder_layer_26/rms_norm/scale,[6144]
238,transformer/decoder_layer_26/rms_norm_1/scale,[6144]
239,transformer/decoder_layer_26/rms_norm_2/scale,[6144]
240,transformer/decoder_layer_26/rms_norm_3/scale,[6144]
241,transformer/decoder_layer_26/router/w,"[6144, 8]"
242,transformer/decoder_layer_27/moe/linear/w,"[8, 6144, 32768]"
243,transformer/decoder_layer_27/moe/linear_1/w,"[8, 32768, 6144]"
244,transformer/decoder_layer_27/moe/linear_v/w,"[8, 6144, 32768]"
245,transformer/decoder_layer_27/multi_head_attention/key/w,"[6144, 1024]"
246,transformer/decoder_layer_27/multi_head_attention/linear/w,"[6144, 6144]"
247,transformer/decoder_layer_27/multi_head_attention/query/w,"[6144, 6144]"
248,transformer/decoder_layer_27/multi_head_attention/value/w,"[6144, 1024]"
249,transformer/decoder_layer_27/rms_norm/scale,[6144]
250,transformer/decoder_layer_27/rms_norm_1/scale,[6144]
251,transformer/decoder_layer_27/rms_norm_2/scale,[6144]
252,transformer/decoder_layer_27/rms_norm_3/scale,[6144]
253,transformer/decoder_layer_27/router/w,"[6144, 8]"
254,transformer/decoder_layer_28/moe/linear/w,"[8, 6144, 32768]"
255,transformer/decoder_layer_28/moe/linear_1/w,"[8, 32768, 6144]"
256,transformer/decoder_layer_28/moe/linear_v/w,"[8, 6144, 32768]"
257,transformer/decoder_layer_28/multi_head_attention/key/w,"[6144, 1024]"
258,transformer/decoder_layer_28/multi_head_attention/linear/w,"[6144, 6144]"
259,transformer/decoder_layer_28/multi_head_attention/query/w,"[6144, 6144]"
260,transformer/decoder_layer_28/multi_head_attention/value/w,"[6144, 1024]"
261,transformer/decoder_layer_28/rms_norm/scale,[6144]
262,transformer/decoder_layer_28/rms_norm_1/scale,[6144]
263,transformer/decoder_layer_28/rms_norm_2/scale,[6144]
264,transformer/decoder_layer_28/rms_norm_3/scale,[6144]
265,transformer/decoder_layer_28/router/w,"[6144, 8]"
266,transformer/decoder_layer_29/moe/linear/w,"[8, 6144, 32768]"
267,transformer/decoder_layer_29/moe/linear_1/w,"[8, 32768, 6144]"
268,transformer/decoder_layer_29/moe/linear_v/w,"[8, 6144, 32768]"
269,transformer/decoder_layer_29/multi_head_attention/key/w,"[6144, 1024]"
270,transformer/decoder_layer_29/multi_head_attention/linear/w,"[6144, 6144]"
271,transformer/decoder_layer_29/multi_head_attention/query/w,"[6144, 6144]"
272,transformer/decoder_layer_29/multi_head_attention/value/w,"[6144, 1024]"
273,transformer/decoder_layer_29/rms_norm/scale,[6144]
274,transformer/decoder_layer_29/rms_norm_1/scale,[6144]
275,transformer/decoder_layer_29/rms_norm_2/scale,[6144]
276,transformer/decoder_layer_29/rms_norm_3/scale,[6144]
277,transformer/decoder_layer_29/router/w,"[6144, 8]"
278,transformer/decoder_layer_3/moe/linear/w,"[8, 6144, 32768]"
279,transformer/decoder_layer_3/moe/linear_1/w,"[8, 32768, 6144]"
280,transformer/decoder_layer_3/moe/linear_v/w,"[8, 6144, 32768]"
281,transformer/decoder_layer_3/multi_head_attention/key/w,"[6144, 1024]"
282,transformer/decoder_layer_3/multi_head_attention/linear/w,"[6144, 6144]"
283,transformer/decoder_layer_3/multi_head_attention/query/w,"[6144, 6144]"
284,transformer/decoder_layer_3/multi_head_attention/value/w,"[6144, 1024]"
285,transformer/decoder_layer_3/rms_norm/scale,[6144]
286,transformer/decoder_layer_3/rms_norm_1/scale,[6144]
287,transformer/decoder_layer_3/rms_norm_2/scale,[6144]
288,transformer/decoder_layer_3/rms_norm_3/scale,[6144]
289,transformer/decoder_layer_3/router/w,"[6144, 8]"
290,transformer/decoder_layer_30/moe/linear/w,"[8, 6144, 32768]"
291,transformer/decoder_layer_30/moe/linear_1/w,"[8, 32768, 6144]"
292,transformer/decoder_layer_30/moe/linear_v/w,"[8, 6144, 32768]"
293,transformer/decoder_layer_30/multi_head_attention/key/w,"[6144, 1024]"
294,transformer/decoder_layer_30/multi_head_attention/linear/w,"[6144, 6144]"
295,transformer/decoder_layer_30/multi_head_attention/query/w,"[6144, 6144]"
296,transformer/decoder_layer_30/multi_head_attention/value/w,"[6144, 1024]"
297,transformer/decoder_layer_30/rms_norm/scale,[6144]
298,transformer/decoder_layer_30/rms_norm_1/scale,[6144]
299,transformer/decoder_layer_30/rms_norm_2/scale,[6144]
300,transformer/decoder_layer_30/rms_norm_3/scale,[6144]
301,transformer/decoder_layer_30/router/w,"[6144, 8]"
302,transformer/decoder_layer_31/moe/linear/w,"[8, 6144, 32768]"
303,transformer/decoder_layer_31/moe/linear_1/w,"[8, 32768, 6144]"
304,transformer/decoder_layer_31/moe/linear_v/w,"[8, 6144, 32768]"
305,transformer/decoder_layer_31/multi_head_attention/key/w,"[6144, 1024]"
306,transformer/decoder_layer_31/multi_head_attention/linear/w,"[6144, 6144]"
307,transformer/decoder_layer_31/multi_head_attention/query/w,"[6144, 6144]"
308,transformer/decoder_layer_31/multi_head_attention/value/w,"[6144, 1024]"
309,transformer/decoder_layer_31/rms_norm/scale,[6144]
310,transformer/decoder_layer_31/rms_norm_1/scale,[6144]
311,transformer/decoder_layer_31/rms_norm_2/scale,[6144]
312,transformer/decoder_layer_31/rms_norm_3/scale,[6144]
313,transformer/decoder_layer_31/router/w,"[6144, 8]"
314,transformer/decoder_layer_32/moe/linear/w,"[8, 6144, 32768]"
315,transformer/decoder_layer_32/moe/linear_1/w,"[8, 32768, 6144]"
316,transformer/decoder_layer_32/moe/linear_v/w,"[8, 6144, 32768]"
317,transformer/decoder_layer_32/multi_head_attention/key/w,"[6144, 1024]"
318,transformer/decoder_layer_32/multi_head_attention/linear/w,"[6144, 6144]"
319,transformer/decoder_layer_32/multi_head_attention/query/w,"[6144, 6144]"
320,transformer/decoder_layer_32/multi_head_attention/value/w,"[6144, 1024]"
321,transformer/decoder_layer_32/rms_norm/scale,[6144]
322,transformer/decoder_layer_32/rms_norm_1/scale,[6144]
323,transformer/decoder_layer_32/rms_norm_2/scale,[6144]
324,transformer/decoder_layer_32/rms_norm_3/scale,[6144]
325,transformer/decoder_layer_32/router/w,"[6144, 8]"
326,transformer/decoder_layer_33/moe/linear/w,"[8, 6144, 32768]"
327,transformer/decoder_layer_33/moe/linear_1/w,"[8, 32768, 6144]"
328,transformer/decoder_layer_33/moe/linear_v/w,"[8, 6144, 32768]"
329,transformer/decoder_layer_33/multi_head_attention/key/w,"[6144, 1024]"
330,transformer/decoder_layer_33/multi_head_attention/linear/w,"[6144, 6144]"
331,transformer/decoder_layer_33/multi_head_attention/query/w,"[6144, 6144]"
332,transformer/decoder_layer_33/multi_head_attention/value/w,"[6144, 1024]"
333,transformer/decoder_layer_33/rms_norm/scale,[6144]
334,transformer/decoder_layer_33/rms_norm_1/scale,[6144]
335,transformer/decoder_layer_33/rms_norm_2/scale,[6144]
336,transformer/decoder_layer_33/rms_norm_3/scale,[6144]
337,transformer/decoder_layer_33/router/w,"[6144, 8]"
338,transformer/decoder_layer_34/moe/linear/w,"[8, 6144, 32768]"
339,transformer/decoder_layer_34/moe/linear_1/w,"[8, 32768, 6144]"
340,transformer/decoder_layer_34/moe/linear_v/w,"[8, 6144, 32768]"
341,transformer/decoder_layer_34/multi_head_attention/key/w,"[6144, 1024]"
342,transformer/decoder_layer_34/multi_head_attention/linear/w,"[6144, 6144]"
343,transformer/decoder_layer_34/multi_head_attention/query/w,"[6144, 6144]"
344,transformer/decoder_layer_34/multi_head_attention/value/w,"[6144, 1024]"
345,transformer/decoder_layer_34/rms_norm/scale,[6144]
346,transformer/decoder_layer_34/rms_norm_1/scale,[6144]
347,transformer/decoder_layer_34/rms_norm_2/scale,[6144]
348,transformer/decoder_layer_34/rms_norm_3/scale,[6144]
349,transformer/decoder_layer_34/router/w,"[6144, 8]"
350,transformer/decoder_layer_35/moe/linear/w,"[8, 6144, 32768]"
351,transformer/decoder_layer_35/moe/linear_1/w,"[8, 32768, 6144]"
352,transformer/decoder_layer_35/moe/linear_v/w,"[8, 6144, 32768]"
353,transformer/decoder_layer_35/multi_head_attention/key/w,"[6144, 1024]"
354,transformer/decoder_layer_35/multi_head_attention/linear/w,"[6144, 6144]"
355,transformer/decoder_layer_35/multi_head_attention/query/w,"[6144, 6144]"
356,transformer/decoder_layer_35/multi_head_attention/value/w,"[6144, 1024]"
357,transformer/decoder_layer_35/rms_norm/scale,[6144]
358,transformer/decoder_layer_35/rms_norm_1/scale,[6144]
359,transformer/decoder_layer_35/rms_norm_2/scale,[6144]
360,transformer/decoder_layer_35/rms_norm_3/scale,[6144]
361,transformer/decoder_layer_35/router/w,"[6144, 8]"
362,transformer/decoder_layer_36/moe/linear/w,"[8, 6144, 32768]"
363,transformer/decoder_layer_36/moe/linear_1/w,"[8, 32768, 6144]"
364,transformer/decoder_layer_36/moe/linear_v/w,"[8, 6144, 32768]"
365,transformer/decoder_layer_36/multi_head_attention/key/w,"[6144, 1024]"
366,transformer/decoder_layer_36/multi_head_attention/linear/w,"[6144, 6144]"
367,transformer/decoder_layer_36/multi_head_attention/query/w,"[6144, 6144]"
368,transformer/decoder_layer_36/multi_head_attention/value/w,"[6144, 1024]"
369,transformer/decoder_layer_36/rms_norm/scale,[6144]
370,transformer/decoder_layer_36/rms_norm_1/scale,[6144]
371,transformer/decoder_layer_36/rms_norm_2/scale,[6144]
372,transformer/decoder_layer_36/rms_norm_3/scale,[6144]
373,transformer/decoder_layer_36/router/w,"[6144, 8]"
374,transformer/decoder_layer_37/moe/linear/w,"[8, 6144, 32768]"
375,transformer/decoder_layer_37/moe/linear_1/w,"[8, 32768, 6144]"
376,transformer/decoder_layer_37/moe/linear_v/w,"[8, 6144, 32768]"
377,transformer/decoder_layer_37/multi_head_attention/key/w,"[6144, 1024]"
378,transformer/decoder_layer_37/multi_head_attention/linear/w,"[6144, 6144]"
379,transformer/decoder_layer_37/multi_head_attention/query/w,"[6144, 6144]"
380,transformer/decoder_layer_37/multi_head_attention/value/w,"[6144, 1024]"
381,transformer/decoder_layer_37/rms_norm/scale,[6144]
382,transformer/decoder_layer_37/rms_norm_1/scale,[6144]
383,transformer/decoder_layer_37/rms_norm_2/scale,[6144]
384,transformer/decoder_layer_37/rms_norm_3/scale,[6144]
385,transformer/decoder_layer_37/router/w,"[6144, 8]"
386,transformer/decoder_layer_38/moe/linear/w,"[8, 6144, 32768]"
387,transformer/decoder_layer_38/moe/linear_1/w,"[8, 32768, 6144]"
388,transformer/decoder_layer_38/moe/linear_v/w,"[8, 6144, 32768]"
389,transformer/decoder_layer_38/multi_head_attention/key/w,"[6144, 1024]"
390,transformer/decoder_layer_38/multi_head_attention/linear/w,"[6144, 6144]"
391,transformer/decoder_layer_38/multi_head_attention/query/w,"[6144, 6144]"
392,transformer/decoder_layer_38/multi_head_attention/value/w,"[6144, 1024]"
393,transformer/decoder_layer_38/rms_norm/scale,[6144]
394,transformer/decoder_layer_38/rms_norm_1/scale,[6144]
395,transformer/decoder_layer_38/rms_norm_2/scale,[6144]
396,transformer/decoder_layer_38/rms_norm_3/scale,[6144]
397,transformer/decoder_layer_38/router/w,"[6144, 8]"
398,transformer/decoder_layer_39/moe/linear/w,"[8, 6144, 32768]"
399,transformer/decoder_layer_39/moe/linear_1/w,"[8, 32768, 6144]"
400,transformer/decoder_layer_39/moe/linear_v/w,"[8, 6144, 32768]"
401,transformer/decoder_layer_39/multi_head_attention/key/w,"[6144, 1024]"
402,transformer/decoder_layer_39/multi_head_attention/linear/w,"[6144, 6144]"
403,transformer/decoder_layer_39/multi_head_attention/query/w,"[6144, 6144]"
404,transformer/decoder_layer_39/multi_head_attention/value/w,"[6144, 1024]"
405,transformer/decoder_layer_39/rms_norm/scale,[6144]
406,transformer/decoder_layer_39/rms_norm_1/scale,[6144]
407,transformer/decoder_layer_39/rms_norm_2/scale,[6144]
408,transformer/decoder_layer_39/rms_norm_3/scale,[6144]
409,transformer/decoder_layer_39/router/w,"[6144, 8]"
410,transformer/decoder_layer_4/moe/linear/w,"[8, 6144, 32768]"
411,transformer/decoder_layer_4/moe/linear_1/w,"[8, 32768, 6144]"
412,transformer/decoder_layer_4/moe/linear_v/w,"[8, 6144, 32768]"
413,transformer/decoder_layer_4/multi_head_attention/key/w,"[6144, 1024]"
414,transformer/decoder_layer_4/multi_head_attention/linear/w,"[6144, 6144]"
415,transformer/decoder_layer_4/multi_head_attention/query/w,"[6144, 6144]"
416,transformer/decoder_layer_4/multi_head_attention/value/w,"[6144, 1024]"
417,transformer/decoder_layer_4/rms_norm/scale,[6144]
418,transformer/decoder_layer_4/rms_norm_1/scale,[6144]
419,transformer/decoder_layer_4/rms_norm_2/scale,[6144]
420,transformer/decoder_layer_4/rms_norm_3/scale,[6144]
421,transformer/decoder_layer_4/router/w,"[6144, 8]"
422,transformer/decoder_layer_40/moe/linear/w,"[8, 6144, 32768]"
423,transformer/decoder_layer_40/moe/linear_1/w,"[8, 32768, 6144]"
424,transformer/decoder_layer_40/moe/linear_v/w,"[8, 6144, 32768]"
425,transformer/decoder_layer_40/multi_head_attention/key/w,"[6144, 1024]"
426,transformer/decoder_layer_40/multi_head_attention/linear/w,"[6144, 6144]"
427,transformer/decoder_layer_40/multi_head_attention/query/w,"[6144, 6144]"
428,transformer/decoder_layer_40/multi_head_attention/value/w,"[6144, 1024]"
429,transformer/decoder_layer_40/rms_norm/scale,[6144]
430,transformer/decoder_layer_40/rms_norm_1/scale,[6144]
431,transformer/decoder_layer_40/rms_norm_2/scale,[6144]
432,transformer/decoder_layer_40/rms_norm_3/scale,[6144]
433,transformer/decoder_layer_40/router/w,"[6144, 8]"
434,transformer/decoder_layer_41/moe/linear/w,"[8, 6144, 32768]"
435,transformer/decoder_layer_41/moe/linear_1/w,"[8, 32768, 6144]"
436,transformer/decoder_layer_41/moe/linear_v/w,"[8, 6144, 32768]"
437,transformer/decoder_layer_41/multi_head_attention/key/w,"[6144, 1024]"
438,transformer/decoder_layer_41/multi_head_attention/linear/w,"[6144, 6144]"
439,transformer/decoder_layer_41/multi_head_attention/query/w,"[6144, 6144]"
440,transformer/decoder_layer_41/multi_head_attention/value/w,"[6144, 1024]"
441,transformer/decoder_layer_41/rms_norm/scale,[6144]
442,transformer/decoder_layer_41/rms_norm_1/scale,[6144]
443,transformer/decoder_layer_41/rms_norm_2/scale,[6144]
444,transformer/decoder_layer_41/rms_norm_3/scale,[6144]
445,transformer/decoder_layer_41/router/w,"[6144, 8]"
446,transformer/decoder_layer_42/moe/linear/w,"[8, 6144, 32768]"
447,transformer/decoder_layer_42/moe/linear_1/w,"[8, 32768, 6144]"
448,transformer/decoder_layer_42/moe/linear_v/w,"[8, 6144, 32768]"
449,transformer/decoder_layer_42/multi_head_attention/key/w,"[6144, 1024]"
450,transformer/decoder_layer_42/multi_head_attention/linear/w,"[6144, 6144]"
451,transformer/decoder_layer_42/multi_head_attention/query/w,"[6144, 6144]"
452,transformer/decoder_layer_42/multi_head_attention/value/w,"[6144, 1024]"
453,transformer/decoder_layer_42/rms_norm/scale,[6144]
454,transformer/decoder_layer_42/rms_norm_1/scale,[6144]
455,transformer/decoder_layer_42/rms_norm_2/scale,[6144]
456,transformer/decoder_layer_42/rms_norm_3/scale,[6144]
457,transformer/decoder_layer_42/router/w,"[6144, 8]"
458,transformer/decoder_layer_43/moe/linear/w,"[8, 6144, 32768]"
459,transformer/decoder_layer_43/moe/linear_1/w,"[8, 32768, 6144]"
460,transformer/decoder_layer_43/moe/linear_v/w,"[8, 6144, 32768]"
461,transformer/decoder_layer_43/multi_head_attention/key/w,"[6144, 1024]"
462,transformer/decoder_layer_43/multi_head_attention/linear/w,"[6144, 6144]"
463,transformer/decoder_layer_43/multi_head_attention/query/w,"[6144, 6144]"
464,transformer/decoder_layer_43/multi_head_attention/value/w,"[6144, 1024]"
465,transformer/decoder_layer_43/rms_norm/scale,[6144]
466,transformer/decoder_layer_43/rms_norm_1/scale,[6144]
467,transformer/decoder_layer_43/rms_norm_2/scale,[6144]
468,transformer/decoder_layer_43/rms_norm_3/scale,[6144]
469,transformer/decoder_layer_43/router/w,"[6144, 8]"
470,transformer/decoder_layer_44/moe/linear/w,"[8, 6144, 32768]"
471,transformer/decoder_layer_44/moe/linear_1/w,"[8, 32768, 6144]"
472,transformer/decoder_layer_44/moe/linear_v/w,"[8, 6144, 32768]"
473,transformer/decoder_layer_44/multi_head_attention/key/w,"[6144, 1024]"
474,transformer/decoder_layer_44/multi_head_attention/linear/w,"[6144, 6144]"
475,transformer/decoder_layer_44/multi_head_attention/query/w,"[6144, 6144]"
476,transformer/decoder_layer_44/multi_head_attention/value/w,"[6144, 1024]"
477,transformer/decoder_layer_44/rms_norm/scale,[6144]
478,transformer/decoder_layer_44/rms_norm_1/scale,[6144]
479,transformer/decoder_layer_44/rms_norm_2/scale,[6144]
480,transformer/decoder_layer_44/rms_norm_3/scale,[6144]
481,transformer/decoder_layer_44/router/w,"[6144, 8]"
482,transformer/decoder_layer_45/moe/linear/w,"[8, 6144, 32768]"
483,transformer/decoder_layer_45/moe/linear_1/w,"[8, 32768, 6144]"
484,transformer/decoder_layer_45/moe/linear_v/w,"[8, 6144, 32768]"
485,transformer/decoder_layer_45/multi_head_attention/key/w,"[6144, 1024]"
486,transformer/decoder_layer_45/multi_head_attention/linear/w,"[6144, 6144]"
487,transformer/decoder_layer_45/multi_head_attention/query/w,"[6144, 6144]"
488,transformer/decoder_layer_45/multi_head_attention/value/w,"[6144, 1024]"
489,transformer/decoder_layer_45/rms_norm/scale,[6144]
490,transformer/decoder_layer_45/rms_norm_1/scale,[6144]
491,transformer/decoder_layer_45/rms_norm_2/scale,[6144]
492,transformer/decoder_layer_45/rms_norm_3/scale,[6144]
493,transformer/decoder_layer_45/router/w,"[6144, 8]"
494,transformer/decoder_layer_46/moe/linear/w,"[8, 6144, 32768]"
495,transformer/decoder_layer_46/moe/linear_1/w,"[8, 32768, 6144]"
496,transformer/decoder_layer_46/moe/linear_v/w,"[8, 6144, 32768]"
497,transformer/decoder_layer_46/multi_head_attention/key/w,"[6144, 1024]"
498,transformer/decoder_layer_46/multi_head_attention/linear/w,"[6144, 6144]"
499,transformer/decoder_layer_46/multi_head_attention/query/w,"[6144, 6144]"
500,transformer/decoder_layer_46/multi_head_attention/value/w,"[6144, 1024]"
501,transformer/decoder_layer_46/rms_norm/scale,[6144]
502,transformer/decoder_layer_46/rms_norm_1/scale,[6144]
503,transformer/decoder_layer_46/rms_norm_2/scale,[6144]
504,transformer/decoder_layer_46/rms_norm_3/scale,[6144]
505,transformer/decoder_layer_46/router/w,"[6144, 8]"
506,transformer/decoder_layer_47/moe/linear/w,"[8, 6144, 32768]"
507,transformer/decoder_layer_47/moe/linear_1/w,"[8, 32768, 6144]"
508,transformer/decoder_layer_47/moe/linear_v/w,"[8, 6144, 32768]"
509,transformer/decoder_layer_47/multi_head_attention/key/w,"[6144, 1024]"
510,transformer/decoder_layer_47/multi_head_attention/linear/w,"[6144, 6144]"
511,transformer/decoder_layer_47/multi_head_attention/query/w,"[6144, 6144]"
512,transformer/decoder_layer_47/multi_head_attention/value/w,"[6144, 1024]"
513,transformer/decoder_layer_47/rms_norm/scale,[6144]
514,transformer/decoder_layer_47/rms_norm_1/scale,[6144]
515,transformer/decoder_layer_47/rms_norm_2/scale,[6144]
516,transformer/decoder_layer_47/rms_norm_3/scale,[6144]
517,transformer/decoder_layer_47/router/w,"[6144, 8]"
518,transformer/decoder_layer_48/moe/linear/w,"[8, 6144, 32768]"
519,transformer/decoder_layer_48/moe/linear_1/w,"[8, 32768, 6144]"
520,transformer/decoder_layer_48/moe/linear_v/w,"[8, 6144, 32768]"
521,transformer/decoder_layer_48/multi_head_attention/key/w,"[6144, 1024]"
522,transformer/decoder_layer_48/multi_head_attention/linear/w,"[6144, 6144]"
523,transformer/decoder_layer_48/multi_head_attention/query/w,"[6144, 6144]"
524,transformer/decoder_layer_48/multi_head_attention/value/w,"[6144, 1024]"
525,transformer/decoder_layer_48/rms_norm/scale,[6144]
526,transformer/decoder_layer_48/rms_norm_1/scale,[6144]
527,transformer/decoder_layer_48/rms_norm_2/scale,[6144]
528,transformer/decoder_layer_48/rms_norm_3/scale,[6144]
529,transformer/decoder_layer_48/router/w,"[6144, 8]"
530,transformer/decoder_layer_49/moe/linear/w,"[8, 6144, 32768]"
531,transformer/decoder_layer_49/moe/linear_1/w,"[8, 32768, 6144]"
532,transformer/decoder_layer_49/moe/linear_v/w,"[8, 6144, 32768]"
533,transformer/decoder_layer_49/multi_head_attention/key/w,"[6144, 1024]"
534,transformer/decoder_layer_49/multi_head_attention/linear/w,"[6144, 6144]"
535,transformer/decoder_layer_49/multi_head_attention/query/w,"[6144, 6144]"
536,transformer/decoder_layer_49/multi_head_attention/value/w,"[6144, 1024]"
537,transformer/decoder_layer_49/rms_norm/scale,[6144]
538,transformer/decoder_layer_49/rms_norm_1/scale,[6144]
539,transformer/decoder_layer_49/rms_norm_2/scale,[6144]
540,transformer/decoder_layer_49/rms_norm_3/scale,[6144]
541,transformer/decoder_layer_49/router/w,"[6144, 8]"
542,transformer/decoder_layer_5/moe/linear/w,"[8, 6144, 32768]"
543,transformer/decoder_layer_5/moe/linear_1/w,"[8, 32768, 6144]"
544,transformer/decoder_layer_5/moe/linear_v/w,"[8, 6144, 32768]"
545,transformer/decoder_layer_5/multi_head_attention/key/w,"[6144, 1024]"
546,transformer/decoder_layer_5/multi_head_attention/linear/w,"[6144, 6144]"
547,transformer/decoder_layer_5/multi_head_attention/query/w,"[6144, 6144]"
548,transformer/decoder_layer_5/multi_head_attention/value/w,"[6144, 1024]"
549,transformer/decoder_layer_5/rms_norm/scale,[6144]
550,transformer/decoder_layer_5/rms_norm_1/scale,[6144]
551,transformer/decoder_layer_5/rms_norm_2/scale,[6144]
552,transformer/decoder_layer_5/rms_norm_3/scale,[6144]
553,transformer/decoder_layer_5/router/w,"[6144, 8]"
554,transformer/decoder_layer_50/moe/linear/w,"[8, 6144, 32768]"
555,transformer/decoder_layer_50/moe/linear_1/w,"[8, 32768, 6144]"
556,transformer/decoder_layer_50/moe/linear_v/w,"[8, 6144, 32768]"
557,transformer/decoder_layer_50/multi_head_attention/key/w,"[6144, 1024]"
558,transformer/decoder_layer_50/multi_head_attention/linear/w,"[6144, 6144]"
559,transformer/decoder_layer_50/multi_head_attention/query/w,"[6144, 6144]"
560,transformer/decoder_layer_50/multi_head_attention/value/w,"[6144, 1024]"
561,transformer/decoder_layer_50/rms_norm/scale,[6144]
562,transformer/decoder_layer_50/rms_norm_1/scale,[6144]
563,transformer/decoder_layer_50/rms_norm_2/scale,[6144]
564,transformer/decoder_layer_50/rms_norm_3/scale,[6144]
565,transformer/decoder_layer_50/router/w,"[6144, 8]"
566,transformer/decoder_layer_51/moe/linear/w,"[8, 6144, 32768]"
567,transformer/decoder_layer_51/moe/linear_1/w,"[8, 32768, 6144]"
568,transformer/decoder_layer_51/moe/linear_v/w,"[8, 6144, 32768]"
569,transformer/decoder_layer_51/multi_head_attention/key/w,"[6144, 1024]"
570,transformer/decoder_layer_51/multi_head_attention/linear/w,"[6144, 6144]"
571,transformer/decoder_layer_51/multi_head_attention/query/w,"[6144, 6144]"
572,transformer/decoder_layer_51/multi_head_attention/value/w,"[6144, 1024]"
573,transformer/decoder_layer_51/rms_norm/scale,[6144]
574,transformer/decoder_layer_51/rms_norm_1/scale,[6144]
575,transformer/decoder_layer_51/rms_norm_2/scale,[6144]
576,transformer/decoder_layer_51/rms_norm_3/scale,[6144]
577,transformer/decoder_layer_51/router/w,"[6144, 8]"
578,transformer/decoder_layer_52/moe/linear/w,"[8, 6144, 32768]"
579,transformer/decoder_layer_52/moe/linear_1/w,"[8, 32768, 6144]"
580,transformer/decoder_layer_52/moe/linear_v/w,"[8, 6144, 32768]"
581,transformer/decoder_layer_52/multi_head_attention/key/w,"[6144, 1024]"
582,transformer/decoder_layer_52/multi_head_attention/linear/w,"[6144, 6144]"
583,transformer/decoder_layer_52/multi_head_attention/query/w,"[6144, 6144]"
584,transformer/decoder_layer_52/multi_head_attention/value/w,"[6144, 1024]"
585,transformer/decoder_layer_52/rms_norm/scale,[6144]
586,transformer/decoder_layer_52/rms_norm_1/scale,[6144]
587,transformer/decoder_layer_52/rms_norm_2/scale,[6144]
588,transformer/decoder_layer_52/rms_norm_3/scale,[6144]
589,transformer/decoder_layer_52/router/w,"[6144, 8]"
590,transformer/decoder_layer_53/moe/linear/w,"[8, 6144, 32768]"
591,transformer/decoder_layer_53/moe/linear_1/w,"[8, 32768, 6144]"
592,transformer/decoder_layer_53/moe/linear_v/w,"[8, 6144, 32768]"
593,transformer/decoder_layer_53/multi_head_attention/key/w,"[6144, 1024]"
594,transformer/decoder_layer_53/multi_head_attention/linear/w,"[6144, 6144]"
595,transformer/decoder_layer_53/multi_head_attention/query/w,"[6144, 6144]"
596,transformer/decoder_layer_53/multi_head_attention/value/w,"[6144, 1024]"
597,transformer/decoder_layer_53/rms_norm/scale,[6144]
598,transformer/decoder_layer_53/rms_norm_1/scale,[6144]
599,transformer/decoder_layer_53/rms_norm_2/scale,[6144]
600,transformer/decoder_layer_53/rms_norm_3/scale,[6144]
601,transformer/decoder_layer_53/router/w,"[6144, 8]"
602,transformer/decoder_layer_54/moe/linear/w,"[8, 6144, 32768]"
603,transformer/decoder_layer_54/moe/linear_1/w,"[8, 32768, 6144]"
604,transformer/decoder_layer_54/moe/linear_v/w,"[8, 6144, 32768]"
605,transformer/decoder_layer_54/multi_head_attention/key/w,"[6144, 1024]"
606,transformer/decoder_layer_54/multi_head_attention/linear/w,"[6144, 6144]"
607,transformer/decoder_layer_54/multi_head_attention/query/w,"[6144, 6144]"
608,transformer/decoder_layer_54/multi_head_attention/value/w,"[6144, 1024]"
609,transformer/decoder_layer_54/rms_norm/scale,[6144]
610,transformer/decoder_layer_54/rms_norm_1/scale,[6144]
611,transformer/decoder_layer_54/rms_norm_2/scale,[6144]
612,transformer/decoder_layer_54/rms_norm_3/scale,[6144]
613,transformer/decoder_layer_54/router/w,"[6144, 8]"
614,transformer/decoder_layer_55/moe/linear/w,"[8, 6144, 32768]"
615,transformer/decoder_layer_55/moe/linear_1/w,"[8, 32768, 6144]"
616,transformer/decoder_layer_55/moe/linear_v/w,"[8, 6144, 32768]"
617,transformer/decoder_layer_55/multi_head_attention/key/w,"[6144, 1024]"
618,transformer/decoder_layer_55/multi_head_attention/linear/w,"[6144, 6144]"
619,transformer/decoder_layer_55/multi_head_attention/query/w,"[6144, 6144]"
620,transformer/decoder_layer_55/multi_head_attention/value/w,"[6144, 1024]"
621,transformer/decoder_layer_55/rms_norm/scale,[6144]
622,transformer/decoder_layer_55/rms_norm_1/scale,[6144]
623,transformer/decoder_layer_55/rms_norm_2/scale,[6144]
624,transformer/decoder_layer_55/rms_norm_3/scale,[6144]
625,transformer/decoder_layer_55/router/w,"[6144, 8]"
626,transformer/decoder_layer_56/moe/linear/w,"[8, 6144, 32768]"
627,transformer/decoder_layer_56/moe/linear_1/w,"[8, 32768, 6144]"
628,transformer/decoder_layer_56/moe/linear_v/w,"[8, 6144, 32768]"
629,transformer/decoder_layer_56/multi_head_attention/key/w,"[6144, 1024]"
630,transformer/decoder_layer_56/multi_head_attention/linear/w,"[6144, 6144]"
631,transformer/decoder_layer_56/multi_head_attention/query/w,"[6144, 6144]"
632,transformer/decoder_layer_56/multi_head_attention/value/w,"[6144, 1024]"
633,transformer/decoder_layer_56/rms_norm/scale,[6144]
634,transformer/decoder_layer_56/rms_norm_1/scale,[6144]
635,transformer/decoder_layer_56/rms_norm_2/scale,[6144]
636,transformer/decoder_layer_56/rms_norm_3/scale,[6144]
637,transformer/decoder_layer_56/router/w,"[6144, 8]"
638,transformer/decoder_layer_57/moe/linear/w,"[8, 6144, 32768]"
639,transformer/decoder_layer_57/moe/linear_1/w,"[8, 32768, 6144]"
640,transformer/decoder_layer_57/moe/linear_v/w,"[8, 6144, 32768]"
641,transformer/decoder_layer_57/multi_head_attention/key/w,"[6144, 1024]"
642,transformer/decoder_layer_57/multi_head_attention/linear/w,"[6144, 6144]"
643,transformer/decoder_layer_57/multi_head_attention/query/w,"[6144, 6144]"
644,transformer/decoder_layer_57/multi_head_attention/value/w,"[6144, 1024]"
645,transformer/decoder_layer_57/rms_norm/scale,[6144]
646,transformer/decoder_layer_57/rms_norm_1/scale,[6144]
647,transformer/decoder_layer_57/rms_norm_2/scale,[6144]
648,transformer/decoder_layer_57/rms_norm_3/scale,[6144]
649,transformer/decoder_layer_57/router/w,"[6144, 8]"
650,transformer/decoder_layer_58/moe/linear/w,"[8, 6144, 32768]"
651,transformer/decoder_layer_58/moe/linear_1/w,"[8, 32768, 6144]"
652,transformer/decoder_layer_58/moe/linear_v/w,"[8, 6144, 32768]"
653,transformer/decoder_layer_58/multi_head_attention/key/w,"[6144, 1024]"
654,transformer/decoder_layer_58/multi_head_attention/linear/w,"[6144, 6144]"
655,transformer/decoder_layer_58/multi_head_attention/query/w,"[6144, 6144]"
656,transformer/decoder_layer_58/multi_head_attention/value/w,"[6144, 1024]"
657,transformer/decoder_layer_58/rms_norm/scale,[6144]
658,transformer/decoder_layer_58/rms_norm_1/scale,[6144]
659,transformer/decoder_layer_58/rms_norm_2/scale,[6144]
660,transformer/decoder_layer_58/rms_norm_3/scale,[6144]
661,transformer/decoder_layer_58/router/w,"[6144, 8]"
662,transformer/decoder_layer_59/moe/linear/w,"[8, 6144, 32768]"
663,transformer/decoder_layer_59/moe/linear_1/w,"[8, 32768, 6144]"
664,transformer/decoder_layer_59/moe/linear_v/w,"[8, 6144, 32768]"
665,transformer/decoder_layer_59/multi_head_attention/key/w,"[6144, 1024]"
666,transformer/decoder_layer_59/multi_head_attention/linear/w,"[6144, 6144]"
667,transformer/decoder_layer_59/multi_head_attention/query/w,"[6144, 6144]"
668,transformer/decoder_layer_59/multi_head_attention/value/w,"[6144, 1024]"
669,transformer/decoder_layer_59/rms_norm/scale,[6144]
670,transformer/decoder_layer_59/rms_norm_1/scale,[6144]
671,transformer/decoder_layer_59/rms_norm_2/scale,[6144]
672,transformer/decoder_layer_59/rms_norm_3/scale,[6144]
673,transformer/decoder_layer_59/router/w,"[6144, 8]"
674,transformer/decoder_layer_6/moe/linear/w,"[8, 6144, 32768]"
675,transformer/decoder_layer_6/moe/linear_1/w,"[8, 32768, 6144]"
676,transformer/decoder_layer_6/moe/linear_v/w,"[8, 6144, 32768]"
677,transformer/decoder_layer_6/multi_head_attention/key/w,"[6144, 1024]"
678,transformer/decoder_layer_6/multi_head_attention/linear/w,"[6144, 6144]"
679,transformer/decoder_layer_6/multi_head_attention/query/w,"[6144, 6144]"
680,transformer/decoder_layer_6/multi_head_attention/value/w,"[6144, 1024]"
681,transformer/decoder_layer_6/rms_norm/scale,[6144]
682,transformer/decoder_layer_6/rms_norm_1/scale,[6144]
683,transformer/decoder_layer_6/rms_norm_2/scale,[6144]
684,transformer/decoder_layer_6/rms_norm_3/scale,[6144]
685,transformer/decoder_layer_6/router/w,"[6144, 8]"
686,transformer/decoder_layer_60/moe/linear/w,"[8, 6144, 32768]"
687,transformer/decoder_layer_60/moe/linear_1/w,"[8, 32768, 6144]"
688,transformer/decoder_layer_60/moe/linear_v/w,"[8, 6144, 32768]"
689,transformer/decoder_layer_60/multi_head_attention/key/w,"[6144, 1024]"
690,transformer/decoder_layer_60/multi_head_attention/linear/w,"[6144, 6144]"
691,transformer/decoder_layer_60/multi_head_attention/query/w,"[6144, 6144]"
692,transformer/decoder_layer_60/multi_head_attention/value/w,"[6144, 1024]"
693,transformer/decoder_layer_60/rms_norm/scale,[6144]
694,transformer/decoder_layer_60/rms_norm_1/scale,[6144]
695,transformer/decoder_layer_60/rms_norm_2/scale,[6144]
696,transformer/decoder_layer_60/rms_norm_3/scale,[6144]
697,transformer/decoder_layer_60/router/w,"[6144, 8]"
698,transformer/decoder_layer_61/moe/linear/w,"[8, 6144, 32768]"
699,transformer/decoder_layer_61/moe/linear_1/w,"[8, 32768, 6144]"
700,transformer/decoder_layer_61/moe/linear_v/w,"[8, 6144, 32768]"
701,transformer/decoder_layer_61/multi_head_attention/key/w,"[6144, 1024]"
702,transformer/decoder_layer_61/multi_head_attention/linear/w,"[6144, 6144]"
703,transformer/decoder_layer_61/multi_head_attention/query/w,"[6144, 6144]"
704,transformer/decoder_layer_61/multi_head_attention/value/w,"[6144, 1024]"
705,transformer/decoder_layer_61/rms_norm/scale,[6144]
706,transformer/decoder_layer_61/rms_norm_1/scale,[6144]
707,transformer/decoder_layer_61/rms_norm_2/scale,[6144]
708,transformer/decoder_layer_61/rms_norm_3/scale,[6144]
709,transformer/decoder_layer_61/router/w,"[6144, 8]"
710,transformer/decoder_layer_62/moe/linear/w,"[8, 6144, 32768]"
711,transformer/decoder_layer_62/moe/linear_1/w,"[8, 32768, 6144]"
712,transformer/decoder_layer_62/moe/linear_v/w,"[8, 6144, 32768]"
713,transformer/decoder_layer_62/multi_head_attention/key/w,"[6144, 1024]"
714,transformer/decoder_layer_62/multi_head_attention/linear/w,"[6144, 6144]"
715,transformer/decoder_layer_62/multi_head_attention/query/w,"[6144, 6144]"
716,transformer/decoder_layer_62/multi_head_attention/value/w,"[6144, 1024]"
717,transformer/decoder_layer_62/rms_norm/scale,[6144]
718,transformer/decoder_layer_62/rms_norm_1/scale,[6144]
719,transformer/decoder_layer_62/rms_norm_2/scale,[6144]
720,transformer/decoder_layer_62/rms_norm_3/scale,[6144]
721,transformer/decoder_layer_62/router/w,"[6144, 8]"
722,transformer/decoder_layer_63/moe/linear/w,"[8, 6144, 32768]"
723,transformer/decoder_layer_63/moe/linear_1/w,"[8, 32768, 6144]"
724,transformer/decoder_layer_63/moe/linear_v/w,"[8, 6144, 32768]"
725,transformer/decoder_layer_63/multi_head_attention/key/w,"[6144, 1024]"
726,transformer/decoder_layer_63/multi_head_attention/linear/w,"[6144, 6144]"
727,transformer/decoder_layer_63/multi_head_attention/query/w,"[6144, 6144]"
728,transformer/decoder_layer_63/multi_head_attention/value/w,"[6144, 1024]"
729,transformer/decoder_layer_63/rms_norm/scale,[6144]
730,transformer/decoder_layer_63/rms_norm_1/scale,[6144]
731,transformer/decoder_layer_63/rms_norm_2/scale,[6144]
732,transformer/decoder_layer_63/rms_norm_3/scale,[6144]
733,transformer/decoder_layer_63/router/w,"[6144, 8]"
734,transformer/decoder_layer_7/moe/linear/w,"[8, 6144, 32768]"
735,transformer/decoder_layer_7/moe/linear_1/w,"[8, 32768, 6144]"
736,transformer/decoder_layer_7/moe/linear_v/w,"[8, 6144, 32768]"
737,transformer/decoder_layer_7/multi_head_attention/key/w,"[6144, 1024]"
738,transformer/decoder_layer_7/multi_head_attention/linear/w,"[6144, 6144]"
739,transformer/decoder_layer_7/multi_head_attention/query/w,"[6144, 6144]"
740,transformer/decoder_layer_7/multi_head_attention/value/w,"[6144, 1024]"
741,transformer/decoder_layer_7/rms_norm/scale,[6144]
742,transformer/decoder_layer_7/rms_norm_1/scale,[6144]
743,transformer/decoder_layer_7/rms_norm_2/scale,[6144]
744,transformer/decoder_layer_7/rms_norm_3/scale,[6144]
745,transformer/decoder_layer_7/router/w,"[6144, 8]"
746,transformer/decoder_layer_8/moe/linear/w,"[8, 6144, 32768]"
747,transformer/decoder_layer_8/moe/linear_1/w,"[8, 32768, 6144]"
748,transformer/decoder_layer_8/moe/linear_v/w,"[8, 6144, 32768]"
749,transformer/decoder_layer_8/multi_head_attention/key/w,"[6144, 1024]"
750,transformer/decoder_layer_8/multi_head_attention/linear/w,"[6144, 6144]"
751,transformer/decoder_layer_8/multi_head_attention/query/w,"[6144, 6144]"
752,transformer/decoder_layer_8/multi_head_attention/value/w,"[6144, 1024]"
753,transformer/decoder_layer_8/rms_norm/scale,[6144]
754,transformer/decoder_layer_8/rms_norm_1/scale,[6144]
755,transformer/decoder_layer_8/rms_norm_2/scale,[6144]
756,transformer/decoder_layer_8/rms_norm_3/scale,[6144]
757,transformer/decoder_layer_8/router/w,"[6144, 8]"
758,transformer/decoder_layer_9/moe/linear/w,"[8, 6144, 32768]"
759,transformer/decoder_layer_9/moe/linear_1/w,"[8, 32768, 6144]"
760,transformer/decoder_layer_9/moe/linear_v/w,"[8, 6144, 32768]"
761,transformer/decoder_layer_9/multi_head_attention/key/w,"[6144, 1024]"
762,transformer/decoder_layer_9/multi_head_attention/linear/w,"[6144, 6144]"
763,transformer/decoder_layer_9/multi_head_attention/query/w,"[6144, 6144]"
764,transformer/decoder_layer_9/multi_head_attention/value/w,"[6144, 1024]"
765,transformer/decoder_layer_9/rms_norm/scale,[6144]
766,transformer/decoder_layer_9/rms_norm_1/scale,[6144]
767,transformer/decoder_layer_9/rms_norm_2/scale,[6144]
768,transformer/decoder_layer_9/rms_norm_3/scale,[6144]
769,transformer/decoder_layer_9/router/w,"[6144, 8]"
